
{
    "IlarinovOE" : {
      "name" : "Іларіонов Олег Євгенович(керівник)",
      "involvement" : "6",
      "post" : "Leader",
      "avg_marks" : "B",
      "criterion1" : "B",
      "criterion2" : "B",
      "criterion3" : "B",
      "criterion4" : "B",
      "criterion5" : "B",
      "criterion6" : "B",
      "criterion7" : "B-80% A-20%",
      "criterion8" : "B-80% A-20%",
      "criterion9" : "B-80% A-20%"
    },
    "SugonyakII" : {
        "name" : "Сугоняк Інна Іванівна ",
        "involvement" : "3",
        "post" : "",
        "avg_marks" : "B",
        "criterion1" : "B",
        "criterion2" : "B",
        "criterion3" : "B",
        "criterion4" : "B",
        "criterion5" : "B",
        "criterion6" : "B-75% A-25%",
        "criterion7" : "B-75% A-25%",
        "criterion8" : "B",
        "criterion9" : "B"
      },
      "DermedzhyDP" : {
        "name" : "Дерменджи Данило Петрович",
        "involvement" : "2",
        "post" : "",
        "avg_marks" : "B",
        "criterion1" : "B",
        "criterion2" : "B",
        "criterion3" : "B",
        "criterion4" : "B",
        "criterion5" : "B",
        "criterion6" : "B",
        "criterion7" : "B",
        "criterion8" : "B",
        "criterion9" : "B"
      },
      "Zolotuhin" : {
        "name" : "Золотухін Олег Вікторович (керівник)",
        "involvement" : "2",
        "post" : "Leader",
        "avg_marks" : "B",
        "criterion1" : "B",
        "criterion2" : "B",
        "criterion3" : "B",
        "criterion4" : "B",
        "criterion5" : "B",
        "criterion6" : "B",
        "criterion7" : "B",
        "criterion8" : "B",
        "criterion9" : "B"
      },
      "Mackarchuk" : {
        "name" : "Макарчук Іван Іванович",
        "involvement" : "2",
        "post" : "",
        "avg_marks" : "B",
        "criterion1" : "B",
        "criterion2" : "B",
        "criterion3" : "B",
        "criterion4" : "B",
        "criterion5" : "B",
        "criterion6" : "B",
        "criterion7" : "B",
        "criterion8" : "B",
        "criterion9" : "B"
      },
      "Kashtan" : {
        "name" : "Каштан Сергій Степанович",
        "involvement" : "1",
        "post" : "",
        "avg_marks" : "B",
        "criterion1" : "B",
        "criterion2" : "B",
        "criterion3" : "B",
        "criterion4" : "B",
        "criterion5" : "B",
        "criterion6" : "B",
        "criterion7" : "B",
        "criterion8" : "B",
        "criterion9" : "B"
      },
      "Seniv" : {
        "name" : "Сенів Максим Михайлович",
        "involvement" : "1",
        "post" : "",
        "avg_marks" : "B",
        "criterion1" : "B",
        "criterion2" : "B",
        "criterion3" : "B",
        "criterion4" : "B",
        "criterion5" : "A",
        "criterion6" : "B",
        "criterion7" : "B",
        "criterion8" : "B",
        "criterion9" : "B"
      },
      "Sazonov" : {
        "name" : "Сазонов Нікіта Віталійович",
        "involvement" : "1",
        "post" : "",
        "avg_marks" : "B",
        "criterion1" : "B",
        "criterion2" : "B",
        "criterion3" : "B",
        "criterion4" : "B",
        "criterion5" : "A",
        "criterion6" : "B",
        "criterion7" : "B",
        "criterion8" : "B",
        "criterion9" : "B"
      },
      "Lishina" : {
        "name" : "Ліщина Валерій Олександрович (керівник)",
        "involvement" : "2",
        "post" : "Leader",
        "avg_marks" : "B",
        "criterion1" : "B",
        "criterion2" : "B-50% E-50%",
        "criterion3" : "B",
        "criterion4" : "B-50% E-50%",
        "criterion5" : "A-50% B-50%",
        "criterion6" : "B",
        "criterion7" : "B",
        "criterion8" : "B",
        "criterion9" : "B"
      },
      "Valko" : {
        "name" : "Валько Наталія Валеріївна",
        "involvement" : "1",
        "post" : "",
        "avg_marks" : "B",
        "criterion1" : "E",
        "criterion2" : "E",
        "criterion3" : "B",
        "criterion4" : "B",
        "criterion5" : "B",
        "criterion6" : "B",
        "criterion7" : "B",
        "criterion8" : "B",
        "criterion9" : "B"
      },
      "Zaiko" : {
        "name" : "Зайко Микита Ігорович",
        "involvement" : "1",
        "post" : "",
        "avg_marks" : "B",
        "criterion1" : "E",
        "criterion2" : "E",
        "criterion3" : "B",
        "criterion4" : "B",
        "criterion5" : "B",
        "criterion6" : "B",
        "criterion7" : "B",
        "criterion8" : "B",
        "criterion9" : "B"
      },
      "Stelbizcii" : {
        "name" : "Стрельбіцький Михайло Анатолійович (керівник)",
        "involvement" : "1",
        "post" : "Leader",
        "avg_marks" : "B",
        "criterion1" : "E",
        "criterion2" : "E",
        "criterion3" : "B",
        "criterion4" : "B",
        "criterion5" : "B",
        "criterion6" : "B",
        "criterion7" : "B",
        "criterion8" : "B",
        "criterion9" : "B"
      },
      "Tkachenko" : {
        "name" : "Ткаченко Олексій Миколайович (керівник)",
        "involvement" : "3",
        "post" : "Leader",
        "avg_marks" :  "B",
        "criterion1" : "B",
        "criterion2" : "B",
        "criterion3" : "B",
        "criterion4" : "B",
        "criterion5" : "B",
        "criterion6" : "B",
        "criterion7" : "B",
        "criterion8" : "B",
        "criterion9" : "A"
      },
      "Tkachenko" : {
        "name" : "Якименко Ірина Вікторівна",
        "involvement" : "3",
        "post" : "",
        "avg_marks" :  "B",
        "criterion1" : "B",
        "criterion2" : "B",
        "criterion3" : "B",
        "criterion4" : "B",
        "criterion5" : "B",
        "criterion6" : "B",
        "criterion7" : "B",
        "criterion8" : "B",
        "criterion9" : "В"
      },
      "Farionova" : {
        "name" : "Фаріонова Тетяна Анатоліївна",
        "involvement" : "3",
        "post" : "",
        "avg_marks" :  "B",
        "criterion1" : "B",
        "criterion2" : "B",
        "criterion3" : "B",
        "criterion4" : "B",
        "criterion5" : "B",
        "criterion6" : "B",
        "criterion7" : "B",
        "criterion8" : "B",
        "criterion9" : "В"
      },
      "Konkin" : {
        "name" : "Конкін Станіслав Валерійович",
        "involvement" : "1",
        "post" : "",
        "avg_marks" :  "B",
        "criterion1" : "B",
        "criterion2" : "E",
        "criterion3" : "B",
        "criterion4" : "E",
        "criterion5" : "B",
        "criterion6" : "B",
        "criterion7" : "B",
        "criterion8" : "B",
        "criterion9" : "В"
      },
      "Efimenko" : {
        "name" : "Єфіменко Андрій Анатолійович (керівник)",
        "involvement" : "1",
        "post" : "Leader",
        "avg_marks" :  "B",
        "criterion1" : "B",
        "criterion2" : "E",
        "criterion3" : "B",
        "criterion4" : "E",
        "criterion5" : "B",
        "criterion6" : "B",
        "criterion7" : "B",
        "criterion8" : "B",
        "criterion9" : "B"
      },
      "Sherstuk" : {
        "name" : "Шерстюк Володимир Григорович (керівник)",
        "involvement" : "3",
        "post" : "Leader",
        "avg_marks" :  "B",
        "criterion1" : "B",
        "criterion2" : "A-25% B-75%",
        "criterion3" : "B",
        "criterion4" : "B",
        "criterion5" : "B",
        "criterion6" : "B",
        "criterion7" : "B",
        "criterion8" : "B",
        "criterion9" : "A-25% B-75%"
      },
      "Konkin" : {
        "name" : "Павлова Ольга Олександрівна",
        "involvement" : "1",
        "post" : "",
        "avg_marks" :  "B",
        "criterion1" : "B",
        "criterion2" : "B",
        "criterion3" : "B",
        "criterion4" : "B",
        "criterion5" : "B",
        "criterion6" : "B",
        "criterion7" : "B",
        "criterion8" : "B",
        "criterion9" : "В"
      },
      "Subbotin" : {
        "name" : "Субботін Сергій Олександрович (керівник)",
        "involvement" : "3",
        "post" : "Leader",
        "avg_marks" :  "B",
        "criterion1" : "B",
        "criterion2" : "B",
        "criterion3" : "B",
        "criterion4" : "B",
        "criterion5" : "B",
        "criterion6" : "B",
        "criterion7" : "B",
        "criterion8" : "B",
        "criterion9" : "B"
      },
      "klyap" : {
        "name" : "Кляп Михайло Михайлович",
        "involvement" : "3",
        "post" : "Leader",
        "avg_marks" :  "B",
        "criterion1" : "B",
        "criterion2" : "B",
        "criterion3" : "B",
        "criterion4" : "B",
        "criterion5" : "B",
        "criterion6" : "B",
        "criterion7" : "B",
        "criterion8" : "B",
        "criterion9" : "B"
      },
      "usik" : {
        "name" : "Усік Анна Миколаївна",
        "involvement" : "1",
        "post" : "",
        "avg_marks" :  "B",
        "criterion1" : "B",
        "criterion2" : "B",
        "criterion3" : "B",
        "criterion4" : "B",
        "criterion5" : "B",
        "criterion6" : "B",
        "criterion7" : "B",
        "criterion8" : "B",
        "criterion9" : "B"
      },
      "olinik" : {
        "name" : "Олійник Андрій Олександрович",
        "involvement" : "1",
        "post" : "",
        "avg_marks" :  "B",
        "criterion1" : "B",
        "criterion2" : "B",
        "criterion3" : "B",
        "criterion4" : "B",
        "criterion5" : "B",
        "criterion6" : "B",
        "criterion7" : "B",
        "criterion8" : "B",
        "criterion9" : "B"
      },
      "Leoshenko" : {
        "name" : "Леощенко Сергій Дмитрович",
        "involvement" : "4",
        "post" : "",
        "avg_marks" :  "B",
        "criterion1" : "B",
        "criterion2" : "B",
        "criterion3" : "B",
        "criterion4" : "B",
        "criterion5" : "B",
        "criterion6" : "B",
        "criterion7" : "B",
        "criterion8" : "B-75% A-25%",
        "criterion9" : "B-75% A-25%"
      },
      "cheridnichenko" : {
        "name" : "Чередніченко Ольга Юріївна",
        "involvement" : "1",
        "post" : "",
        "avg_marks" :  "B",
        "criterion1" : "B",
        "criterion2" : "B",
        "criterion3" : "B",
        "criterion4" : "B",
        "criterion5" : "B",
        "criterion6" : "B",
        "criterion7" : "B",
        "criterion8" : "B",
        "criterion9" : "B"
      },
      "fedii" : {
        "name" : "Федій Олександра Дмитрівна",
        "involvement" : "1",
        "post" : "",
        "avg_marks" :  "B",
        "criterion1" : "B",
        "criterion2" : "B",
        "criterion3" : "B",
        "criterion4" : "B",
        "criterion5" : "B",
        "criterion6" : "B",
        "criterion7" : "B",
        "criterion8" : "B",
        "criterion9" : "B"
      },
      "zarechansky" : {
        "name" : "Заречанський Яків Олегович",
        "involvement" : "3",
        "post" : "",
        "avg_marks" :  "B",
        "criterion1" : "B",
        "criterion2" : "B",
        "criterion3" : "B",
        "criterion4" : "B",
        "criterion5" : "B",
        "criterion6" : "B-66% A-33%",
        "criterion7" : "B-66% A-33%",
        "criterion8" : "B",
        "criterion9" : "B"
      },
      "ivanova" : {
        "name" : "Іванова Лілія Вікторівна (керівник)",
        "involvement" : "3",
        "post" : "Leader",
        "avg_marks" :  "B",
        "criterion1" : "B",
        "criterion2" : "B",
        "criterion3" : "B",
        "criterion4" : "B",
        "criterion5" : "B",
        "criterion6" : "B-66% A-33%",
        "criterion7" : "B-66% A-33%",
        "criterion8" : "B",
        "criterion9" : "B"
      },
      "onay" : {
        "name" : "Онай Микола Володимирович",
        "involvement" : "1",
        "post" : "",
        "avg_marks" :  "B",
        "criterion1" : "B",
        "criterion2" : "B",
        "criterion3" : "B",
        "criterion4" : "B",
        "criterion5" : "B",
        "criterion6" : "B",
        "criterion7" : "B",
        "criterion8" : "B",
        "criterion9" : "B"
      },
      "shmana" : {
        "name" : "Шмана Кирило Сергійович",
        "involvement" : "1",
        "post" : "",
        "avg_marks" :  "B",
        "criterion1" : "B",
        "criterion2" : "B",
        "criterion3" : "B",
        "criterion4" : "B",
        "criterion5" : "B",
        "criterion6" : "B",
        "criterion7" : "B",
        "criterion8" : "B",
        "criterion9" : "B"
      },
      "lifar" : {
        "name" : "Лифар Володимир Олексійович",
        "involvement" : "1",
        "post" : "",
        "avg_marks" :  "B",
        "criterion1" : "B",
        "criterion2" : "B",
        "criterion3" : "B",
        "criterion4" : "B",
        "criterion5" : "B",
        "criterion6" : "B",
        "criterion7" : "B",
        "criterion8" : "B",
        "criterion9" : "B"
      },
      "sokolova" : {
        "name" : "Соколова Євгенія Віталіївна",
        "involvement" : "2",
        "post" : "",
        "avg_marks" :  "B",
        "criterion1" : "B",
        "criterion2" : "B",
        "criterion3" : "B",
        "criterion4" : "B",
        "criterion5" : "B",
        "criterion6" : "B",
        "criterion7" : "B",
        "criterion8" : "B",
        "criterion9" : "B"
      },
      "bozuha" : {
        "name" : "Божуха Лілія Миколаївна",
        "involvement" : "2",
        "post" : "",
        "avg_marks" :  "B",
        "criterion1" : "B",
        "criterion2" : "B",
        "criterion3" : "B",
        "criterion4" : "B",
        "criterion5" : "B",
        "criterion6" : "B",
        "criterion7" : "B",
        "criterion8" : "B",
        "criterion9" : "B"
      },
      "morozov" : {
        "name" : "Морозов Андрій Васильович (керівник)",
        "involvement" : "2",
        "post" : "Leader",
        "avg_marks" :  "B",
        "criterion1" : "B",
        "criterion2" : "B",
        "criterion3" : "B",
        "criterion4" : "B",
        "criterion5" : "B",
        "criterion6" : "B",
        "criterion7" : "B",
        "criterion8" : "B",
        "criterion9" : "B"
      },
      "yakovuna" : {
        "name" : "Яковина Віталій Степанович",
        "involvement" : "1",
        "post" : "",
        "avg_marks" :  "B",
        "criterion1" : "B",
        "criterion2" : "B",
        "criterion3" : "B",
        "criterion4" : "B",
        "criterion5" : "B",
        "criterion6" : "B",
        "criterion7" : "B",
        "criterion8" : "B",
        "criterion9" : "B"
      },
      "shcraba" : {
        "name" : "Шкрабак Сергій Олександрович",
        "involvement" : "1",
        "post" : "",
        "avg_marks" :  "B",
        "criterion1" : "B",
        "criterion2" : "B",
        "criterion3" : "B",
        "criterion4" : "B",
        "criterion5" : "B",
        "criterion6" : "B",
        "criterion7" : "A",
        "criterion8" : "B",
        "criterion9" : "B"
      }
} 